filepath,label,label_id
data/genai_images/brain_glioma_genai_0.jpg,brain_glioma,4
data/genai_images/brain_glioma_genai_1.jpg,brain_glioma,4
data/genai_images/brain_glioma_genai_2.jpg,brain_glioma,4
data/genai_images/brain_glioma_genai_3.jpg,brain_glioma,4
data/genai_images/brain_glioma_genai_4.jpg,brain_glioma,4
data/genai_images/brain_glioma_genai_5.jpg,brain_glioma,4
data/genai_images/brain_glioma_genai_6.jpg,brain_glioma,4
data/genai_images/brain_glioma_genai_7.jpg,brain_glioma,4
data/genai_images/brain_glioma_genai_8.jpg,brain_glioma,4
data/genai_images/brain_glioma_genai_9.jpg,brain_glioma,4
data/genai_images/brain_glioma_genai_10.jpg,brain_glioma,4
data/genai_images/brain_glioma_genai_11.jpg,brain_glioma,4
data/genai_images/brain_glioma_genai_12.jpg,brain_glioma,4
data/genai_images/brain_glioma_genai_13.jpg,brain_glioma,4
data/genai_images/brain_glioma_genai_14.jpg,brain_glioma,4
data/genai_images/brain_glioma_genai_15.jpg,brain_glioma,4
data/genai_images/brain_glioma_genai_16.jpg,brain_glioma,4
data/genai_images/brain_glioma_genai_17.jpg,brain_glioma,4
data/genai_images/brain_glioma_genai_18.jpg,brain_glioma,4
data/genai_images/brain_glioma_genai_19.jpg,brain_glioma,4
data/genai_images/brain_glioma_genai_20.jpg,brain_glioma,4
data/genai_images/brain_glioma_genai_21.jpg,brain_glioma,4
data/genai_images/brain_glioma_genai_22.jpg,brain_glioma,4
data/genai_images/brain_glioma_genai_23.jpg,brain_glioma,4
data/genai_images/brain_glioma_genai_24.jpg,brain_glioma,4
data/genai_images/brain_glioma_genai_25.jpg,brain_glioma,4
data/genai_images/brain_glioma_genai_26.jpg,brain_glioma,4
data/genai_images/brain_glioma_genai_27.jpg,brain_glioma,4
data/genai_images/brain_glioma_genai_28.jpg,brain_glioma,4
data/genai_images/brain_glioma_genai_29.jpg,brain_glioma,4
data/genai_images/brain_glioma_genai_30.jpg,brain_glioma,4
data/genai_images/brain_glioma_genai_31.jpg,brain_glioma,4
data/genai_images/brain_glioma_genai_32.jpg,brain_glioma,4
data/genai_images/brain_glioma_genai_33.jpg,brain_glioma,4
data/genai_images/brain_glioma_genai_34.jpg,brain_glioma,4
data/genai_images/brain_glioma_genai_35.jpg,brain_glioma,4
data/genai_images/brain_glioma_genai_36.jpg,brain_glioma,4
data/genai_images/brain_glioma_genai_37.jpg,brain_glioma,4
data/genai_images/brain_glioma_genai_38.jpg,brain_glioma,4
data/genai_images/brain_glioma_genai_39.jpg,brain_glioma,4
data/genai_images/brain_glioma_genai_40.jpg,brain_glioma,4
data/genai_images/brain_glioma_genai_41.jpg,brain_glioma,4
data/genai_images/brain_glioma_genai_42.jpg,brain_glioma,4
data/genai_images/brain_glioma_genai_43.jpg,brain_glioma,4
data/genai_images/brain_glioma_genai_44.jpg,brain_glioma,4
data/genai_images/brain_glioma_genai_45.jpg,brain_glioma,4
data/genai_images/brain_glioma_genai_46.jpg,brain_glioma,4
data/genai_images/brain_glioma_genai_47.jpg,brain_glioma,4
data/genai_images/brain_glioma_genai_48.jpg,brain_glioma,4
data/genai_images/brain_glioma_genai_49.jpg,brain_glioma,4
data/genai_images/brain_glioma_genai_50.jpg,brain_glioma,4
data/genai_images/brain_glioma_genai_51.jpg,brain_glioma,4
data/genai_images/brain_glioma_genai_52.jpg,brain_glioma,4
data/genai_images/brain_glioma_genai_53.jpg,brain_glioma,4
data/genai_images/brain_glioma_genai_54.jpg,brain_glioma,4
data/genai_images/brain_glioma_genai_55.jpg,brain_glioma,4
data/genai_images/brain_glioma_genai_56.jpg,brain_glioma,4
data/genai_images/brain_glioma_genai_57.jpg,brain_glioma,4
data/genai_images/brain_glioma_genai_58.jpg,brain_glioma,4
data/genai_images/brain_glioma_genai_59.jpg,brain_glioma,4
data/genai_images/brain_glioma_genai_60.jpg,brain_glioma,4
data/genai_images/brain_glioma_genai_61.jpg,brain_glioma,4
data/genai_images/brain_glioma_genai_62.jpg,brain_glioma,4
data/genai_images/brain_glioma_genai_63.jpg,brain_glioma,4
data/genai_images/brain_glioma_genai_64.jpg,brain_glioma,4
data/genai_images/brain_glioma_genai_65.jpg,brain_glioma,4
data/genai_images/brain_glioma_genai_66.jpg,brain_glioma,4
data/genai_images/brain_glioma_genai_67.jpg,brain_glioma,4
data/genai_images/brain_glioma_genai_68.jpg,brain_glioma,4
data/genai_images/brain_glioma_genai_69.jpg,brain_glioma,4
data/genai_images/brain_glioma_genai_70.jpg,brain_glioma,4
data/genai_images/brain_glioma_genai_71.jpg,brain_glioma,4
data/genai_images/brain_glioma_genai_72.jpg,brain_glioma,4
data/genai_images/brain_glioma_genai_73.jpg,brain_glioma,4
data/genai_images/brain_glioma_genai_74.jpg,brain_glioma,4
data/genai_images/brain_glioma_genai_75.jpg,brain_glioma,4
data/genai_images/brain_glioma_genai_76.jpg,brain_glioma,4
data/genai_images/brain_glioma_genai_77.jpg,brain_glioma,4
data/genai_images/brain_glioma_genai_78.jpg,brain_glioma,4
data/genai_images/brain_glioma_genai_79.jpg,brain_glioma,4
data/genai_images/brain_glioma_genai_80.jpg,brain_glioma,4
data/genai_images/brain_glioma_genai_81.jpg,brain_glioma,4
data/genai_images/brain_glioma_genai_82.jpg,brain_glioma,4
data/genai_images/brain_glioma_genai_83.jpg,brain_glioma,4
data/genai_images/brain_glioma_genai_84.jpg,brain_glioma,4
data/genai_images/brain_glioma_genai_85.jpg,brain_glioma,4
data/genai_images/brain_glioma_genai_86.jpg,brain_glioma,4
data/genai_images/brain_glioma_genai_87.jpg,brain_glioma,4
data/genai_images/brain_glioma_genai_88.jpg,brain_glioma,4
data/genai_images/brain_glioma_genai_89.jpg,brain_glioma,4
data/genai_images/brain_glioma_genai_90.jpg,brain_glioma,4
data/genai_images/brain_glioma_genai_91.jpg,brain_glioma,4
data/genai_images/brain_glioma_genai_92.jpg,brain_glioma,4
data/genai_images/brain_glioma_genai_93.jpg,brain_glioma,4
data/genai_images/brain_glioma_genai_94.jpg,brain_glioma,4
data/genai_images/brain_glioma_genai_95.jpg,brain_glioma,4
data/genai_images/brain_glioma_genai_96.jpg,brain_glioma,4
data/genai_images/brain_glioma_genai_97.jpg,brain_glioma,4
data/genai_images/brain_glioma_genai_98.jpg,brain_glioma,4
data/genai_images/brain_glioma_genai_99.jpg,brain_glioma,4
data/genai_images/brain_glioma_genai_100.jpg,brain_glioma,4
data/genai_images/brain_glioma_genai_101.jpg,brain_glioma,4
data/genai_images/brain_glioma_genai_102.jpg,brain_glioma,4
data/genai_images/brain_glioma_genai_103.jpg,brain_glioma,4
data/genai_images/brain_glioma_genai_104.jpg,brain_glioma,4
data/genai_images/brain_glioma_genai_105.jpg,brain_glioma,4
data/genai_images/brain_glioma_genai_106.jpg,brain_glioma,4
data/genai_images/brain_glioma_genai_107.jpg,brain_glioma,4
data/genai_images/brain_glioma_genai_108.jpg,brain_glioma,4
data/genai_images/brain_glioma_genai_109.jpg,brain_glioma,4
data/genai_images/brain_glioma_genai_110.jpg,brain_glioma,4
data/genai_images/brain_glioma_genai_111.jpg,brain_glioma,4
data/genai_images/brain_glioma_genai_112.jpg,brain_glioma,4
data/genai_images/brain_glioma_genai_113.jpg,brain_glioma,4
data/genai_images/brain_glioma_genai_114.jpg,brain_glioma,4
data/genai_images/brain_glioma_genai_115.jpg,brain_glioma,4
data/genai_images/brain_glioma_genai_116.jpg,brain_glioma,4
data/genai_images/brain_glioma_genai_117.jpg,brain_glioma,4
data/genai_images/brain_glioma_genai_118.jpg,brain_glioma,4
data/genai_images/brain_glioma_genai_119.jpg,brain_glioma,4
data/genai_images/brain_glioma_genai_120.jpg,brain_glioma,4
data/genai_images/brain_glioma_genai_121.jpg,brain_glioma,4
data/genai_images/brain_glioma_genai_122.jpg,brain_glioma,4
data/genai_images/brain_glioma_genai_123.jpg,brain_glioma,4
data/genai_images/brain_glioma_genai_124.jpg,brain_glioma,4
data/genai_images/brain_glioma_genai_125.jpg,brain_glioma,4
data/genai_images/brain_glioma_genai_126.jpg,brain_glioma,4
data/genai_images/brain_glioma_genai_127.jpg,brain_glioma,4
data/genai_images/brain_glioma_genai_128.jpg,brain_glioma,4
data/genai_images/brain_glioma_genai_129.jpg,brain_glioma,4
data/genai_images/brain_glioma_genai_130.jpg,brain_glioma,4
data/genai_images/brain_glioma_genai_131.jpg,brain_glioma,4
data/genai_images/brain_glioma_genai_132.jpg,brain_glioma,4
data/genai_images/brain_glioma_genai_133.jpg,brain_glioma,4
data/genai_images/brain_glioma_genai_134.jpg,brain_glioma,4
data/genai_images/brain_glioma_genai_135.jpg,brain_glioma,4
data/genai_images/brain_glioma_genai_136.jpg,brain_glioma,4
data/genai_images/brain_glioma_genai_137.jpg,brain_glioma,4
data/genai_images/brain_glioma_genai_138.jpg,brain_glioma,4
data/genai_images/brain_glioma_genai_139.jpg,brain_glioma,4
data/genai_images/brain_glioma_genai_140.jpg,brain_glioma,4
data/genai_images/brain_glioma_genai_141.jpg,brain_glioma,4
data/genai_images/brain_glioma_genai_142.jpg,brain_glioma,4
data/genai_images/brain_glioma_genai_143.jpg,brain_glioma,4
data/genai_images/brain_glioma_genai_144.jpg,brain_glioma,4
data/genai_images/brain_glioma_genai_145.jpg,brain_glioma,4
data/genai_images/brain_glioma_genai_146.jpg,brain_glioma,4
data/genai_images/brain_glioma_genai_147.jpg,brain_glioma,4
data/genai_images/brain_glioma_genai_148.jpg,brain_glioma,4
data/genai_images/brain_glioma_genai_149.jpg,brain_glioma,4
data/genai_images/brain_glioma_genai_150.jpg,brain_glioma,4
data/genai_images/brain_glioma_genai_151.jpg,brain_glioma,4
data/genai_images/brain_glioma_genai_152.jpg,brain_glioma,4
data/genai_images/brain_glioma_genai_153.jpg,brain_glioma,4
data/genai_images/brain_glioma_genai_154.jpg,brain_glioma,4
data/genai_images/brain_glioma_genai_155.jpg,brain_glioma,4
data/genai_images/brain_glioma_genai_156.jpg,brain_glioma,4
data/genai_images/brain_glioma_genai_157.jpg,brain_glioma,4
data/genai_images/brain_glioma_genai_158.jpg,brain_glioma,4
data/genai_images/brain_glioma_genai_159.jpg,brain_glioma,4
data/genai_images/brain_glioma_genai_160.jpg,brain_glioma,4
data/genai_images/brain_glioma_genai_161.jpg,brain_glioma,4
data/genai_images/brain_glioma_genai_162.jpg,brain_glioma,4
data/genai_images/brain_glioma_genai_163.jpg,brain_glioma,4
data/genai_images/brain_glioma_genai_164.jpg,brain_glioma,4
data/genai_images/brain_glioma_genai_165.jpg,brain_glioma,4
data/genai_images/brain_glioma_genai_166.jpg,brain_glioma,4
data/genai_images/brain_glioma_genai_167.jpg,brain_glioma,4
data/genai_images/brain_glioma_genai_168.jpg,brain_glioma,4
data/genai_images/brain_glioma_genai_169.jpg,brain_glioma,4
data/genai_images/brain_glioma_genai_170.jpg,brain_glioma,4
data/genai_images/brain_glioma_genai_171.jpg,brain_glioma,4
data/genai_images/brain_glioma_genai_172.jpg,brain_glioma,4
data/genai_images/brain_glioma_genai_173.jpg,brain_glioma,4
data/genai_images/brain_glioma_genai_174.jpg,brain_glioma,4
data/genai_images/brain_glioma_genai_175.jpg,brain_glioma,4
data/genai_images/brain_glioma_genai_176.jpg,brain_glioma,4
data/genai_images/brain_glioma_genai_177.jpg,brain_glioma,4
data/genai_images/brain_glioma_genai_178.jpg,brain_glioma,4
data/genai_images/brain_glioma_genai_179.jpg,brain_glioma,4
data/genai_images/brain_glioma_genai_180.jpg,brain_glioma,4
data/genai_images/brain_glioma_genai_181.jpg,brain_glioma,4
data/genai_images/brain_glioma_genai_182.jpg,brain_glioma,4
data/genai_images/brain_glioma_genai_183.jpg,brain_glioma,4
data/genai_images/brain_glioma_genai_184.jpg,brain_glioma,4
data/genai_images/brain_glioma_genai_185.jpg,brain_glioma,4
data/genai_images/brain_glioma_genai_186.jpg,brain_glioma,4
data/genai_images/brain_glioma_genai_187.jpg,brain_glioma,4
data/genai_images/brain_glioma_genai_188.jpg,brain_glioma,4
data/genai_images/brain_glioma_genai_189.jpg,brain_glioma,4
data/genai_images/brain_glioma_genai_190.jpg,brain_glioma,4
data/genai_images/brain_glioma_genai_191.jpg,brain_glioma,4
data/genai_images/brain_glioma_genai_192.jpg,brain_glioma,4
data/genai_images/brain_glioma_genai_193.jpg,brain_glioma,4
data/genai_images/brain_glioma_genai_194.jpg,brain_glioma,4
data/genai_images/brain_glioma_genai_195.jpg,brain_glioma,4
data/genai_images/brain_glioma_genai_196.jpg,brain_glioma,4
data/genai_images/brain_glioma_genai_197.jpg,brain_glioma,4
data/genai_images/brain_glioma_genai_198.jpg,brain_glioma,4
data/genai_images/brain_glioma_genai_199.jpg,brain_glioma,4
data/genai_images/brain_glioma_genai_200.jpg,brain_glioma,4
data/genai_images/brain_glioma_genai_201.jpg,brain_glioma,4
data/genai_images/brain_glioma_genai_202.jpg,brain_glioma,4
data/genai_images/brain_glioma_genai_203.jpg,brain_glioma,4
data/genai_images/brain_glioma_genai_204.jpg,brain_glioma,4
data/genai_images/brain_glioma_genai_205.jpg,brain_glioma,4
data/genai_images/brain_glioma_genai_206.jpg,brain_glioma,4
data/genai_images/brain_glioma_genai_207.jpg,brain_glioma,4
data/genai_images/brain_glioma_genai_208.jpg,brain_glioma,4
data/genai_images/brain_glioma_genai_209.jpg,brain_glioma,4
data/genai_images/brain_glioma_genai_210.jpg,brain_glioma,4
data/genai_images/brain_glioma_genai_211.jpg,brain_glioma,4
data/genai_images/brain_glioma_genai_212.jpg,brain_glioma,4
data/genai_images/brain_glioma_genai_213.jpg,brain_glioma,4
data/genai_images/brain_glioma_genai_214.jpg,brain_glioma,4
data/genai_images/brain_glioma_genai_215.jpg,brain_glioma,4
data/genai_images/brain_glioma_genai_216.jpg,brain_glioma,4
data/genai_images/brain_glioma_genai_217.jpg,brain_glioma,4
data/genai_images/brain_glioma_genai_218.jpg,brain_glioma,4
data/genai_images/brain_glioma_genai_219.jpg,brain_glioma,4
data/genai_images/brain_glioma_genai_220.jpg,brain_glioma,4
data/genai_images/brain_glioma_genai_221.jpg,brain_glioma,4
data/genai_images/brain_glioma_genai_222.jpg,brain_glioma,4
data/genai_images/brain_glioma_genai_223.jpg,brain_glioma,4
data/genai_images/brain_glioma_genai_224.jpg,brain_glioma,4
data/genai_images/brain_glioma_genai_225.jpg,brain_glioma,4
data/genai_images/brain_glioma_genai_226.jpg,brain_glioma,4
data/genai_images/brain_glioma_genai_227.jpg,brain_glioma,4
data/genai_images/brain_glioma_genai_228.jpg,brain_glioma,4
data/genai_images/brain_glioma_genai_229.jpg,brain_glioma,4
data/genai_images/brain_glioma_genai_230.jpg,brain_glioma,4
data/genai_images/brain_glioma_genai_231.jpg,brain_glioma,4
data/genai_images/brain_glioma_genai_232.jpg,brain_glioma,4
data/genai_images/brain_glioma_genai_233.jpg,brain_glioma,4
data/genai_images/brain_glioma_genai_234.jpg,brain_glioma,4
data/genai_images/brain_glioma_genai_235.jpg,brain_glioma,4
data/genai_images/brain_glioma_genai_236.jpg,brain_glioma,4
data/genai_images/brain_glioma_genai_237.jpg,brain_glioma,4
data/genai_images/brain_glioma_genai_238.jpg,brain_glioma,4
data/genai_images/brain_glioma_genai_239.jpg,brain_glioma,4
data/genai_images/brain_glioma_genai_240.jpg,brain_glioma,4
data/genai_images/brain_glioma_genai_241.jpg,brain_glioma,4
data/genai_images/brain_glioma_genai_242.jpg,brain_glioma,4
data/genai_images/brain_glioma_genai_243.jpg,brain_glioma,4
data/genai_images/brain_glioma_genai_244.jpg,brain_glioma,4
data/genai_images/brain_glioma_genai_245.jpg,brain_glioma,4
data/genai_images/brain_glioma_genai_246.jpg,brain_glioma,4
data/genai_images/brain_glioma_genai_247.jpg,brain_glioma,4
data/genai_images/brain_glioma_genai_248.jpg,brain_glioma,4
data/genai_images/brain_glioma_genai_249.jpg,brain_glioma,4
data/genai_images/brain_glioma_genai_250.jpg,brain_glioma,4
data/genai_images/brain_glioma_genai_251.jpg,brain_glioma,4
data/genai_images/brain_glioma_genai_252.jpg,brain_glioma,4
data/genai_images/brain_glioma_genai_253.jpg,brain_glioma,4
data/genai_images/brain_glioma_genai_254.jpg,brain_glioma,4
data/genai_images/brain_glioma_genai_255.jpg,brain_glioma,4
data/genai_images/brain_glioma_genai_256.jpg,brain_glioma,4
data/genai_images/brain_glioma_genai_257.jpg,brain_glioma,4
data/genai_images/brain_glioma_genai_258.jpg,brain_glioma,4
data/genai_images/brain_glioma_genai_259.jpg,brain_glioma,4
data/genai_images/brain_glioma_genai_260.jpg,brain_glioma,4
data/genai_images/brain_glioma_genai_261.jpg,brain_glioma,4
data/genai_images/brain_glioma_genai_262.jpg,brain_glioma,4
data/genai_images/brain_glioma_genai_263.jpg,brain_glioma,4
data/genai_images/brain_glioma_genai_264.jpg,brain_glioma,4
data/genai_images/brain_glioma_genai_265.jpg,brain_glioma,4
data/genai_images/brain_glioma_genai_266.jpg,brain_glioma,4
data/genai_images/brain_glioma_genai_267.jpg,brain_glioma,4
data/genai_images/brain_glioma_genai_268.jpg,brain_glioma,4
data/genai_images/brain_glioma_genai_269.jpg,brain_glioma,4
data/genai_images/brain_glioma_genai_270.jpg,brain_glioma,4
data/genai_images/brain_glioma_genai_271.jpg,brain_glioma,4
data/genai_images/brain_glioma_genai_272.jpg,brain_glioma,4
data/genai_images/brain_glioma_genai_273.jpg,brain_glioma,4
data/genai_images/brain_glioma_genai_274.jpg,brain_glioma,4
data/genai_images/brain_glioma_genai_275.jpg,brain_glioma,4
data/genai_images/brain_glioma_genai_276.jpg,brain_glioma,4
data/genai_images/brain_glioma_genai_277.jpg,brain_glioma,4
data/genai_images/brain_glioma_genai_278.jpg,brain_glioma,4
data/genai_images/brain_glioma_genai_279.jpg,brain_glioma,4
data/genai_images/brain_glioma_genai_280.jpg,brain_glioma,4
data/genai_images/brain_glioma_genai_281.jpg,brain_glioma,4
data/genai_images/brain_glioma_genai_282.jpg,brain_glioma,4
data/genai_images/brain_glioma_genai_283.jpg,brain_glioma,4
data/genai_images/brain_glioma_genai_284.jpg,brain_glioma,4
data/genai_images/brain_glioma_genai_285.jpg,brain_glioma,4
data/genai_images/brain_glioma_genai_286.jpg,brain_glioma,4
data/genai_images/brain_glioma_genai_287.jpg,brain_glioma,4
data/genai_images/brain_glioma_genai_288.jpg,brain_glioma,4
data/genai_images/brain_glioma_genai_289.jpg,brain_glioma,4
data/genai_images/brain_glioma_genai_290.jpg,brain_glioma,4
data/genai_images/brain_glioma_genai_291.jpg,brain_glioma,4
data/genai_images/brain_glioma_genai_292.jpg,brain_glioma,4
data/genai_images/brain_glioma_genai_293.jpg,brain_glioma,4
data/genai_images/brain_glioma_genai_294.jpg,brain_glioma,4
data/genai_images/brain_glioma_genai_295.jpg,brain_glioma,4
data/genai_images/brain_glioma_genai_296.jpg,brain_glioma,4
data/genai_images/brain_glioma_genai_297.jpg,brain_glioma,4
data/genai_images/brain_glioma_genai_298.jpg,brain_glioma,4
data/genai_images/brain_glioma_genai_299.jpg,brain_glioma,4
data/genai_images/kidney_tumor_genai_0.jpg,kidney_tumor,17
data/genai_images/kidney_tumor_genai_1.jpg,kidney_tumor,17
data/genai_images/kidney_tumor_genai_2.jpg,kidney_tumor,17
data/genai_images/kidney_tumor_genai_3.jpg,kidney_tumor,17
data/genai_images/kidney_tumor_genai_4.jpg,kidney_tumor,17
data/genai_images/kidney_tumor_genai_5.jpg,kidney_tumor,17
data/genai_images/kidney_tumor_genai_6.jpg,kidney_tumor,17
data/genai_images/kidney_tumor_genai_7.jpg,kidney_tumor,17
data/genai_images/kidney_tumor_genai_8.jpg,kidney_tumor,17
data/genai_images/kidney_tumor_genai_9.jpg,kidney_tumor,17
data/genai_images/kidney_tumor_genai_10.jpg,kidney_tumor,17
data/genai_images/kidney_tumor_genai_11.jpg,kidney_tumor,17
data/genai_images/kidney_tumor_genai_12.jpg,kidney_tumor,17
data/genai_images/kidney_tumor_genai_13.jpg,kidney_tumor,17
data/genai_images/kidney_tumor_genai_14.jpg,kidney_tumor,17
data/genai_images/kidney_tumor_genai_15.jpg,kidney_tumor,17
data/genai_images/kidney_tumor_genai_16.jpg,kidney_tumor,17
data/genai_images/kidney_tumor_genai_17.jpg,kidney_tumor,17
data/genai_images/kidney_tumor_genai_18.jpg,kidney_tumor,17
data/genai_images/kidney_tumor_genai_19.jpg,kidney_tumor,17
data/genai_images/kidney_tumor_genai_20.jpg,kidney_tumor,17
data/genai_images/kidney_tumor_genai_21.jpg,kidney_tumor,17
data/genai_images/kidney_tumor_genai_22.jpg,kidney_tumor,17
data/genai_images/kidney_tumor_genai_23.jpg,kidney_tumor,17
data/genai_images/kidney_tumor_genai_24.jpg,kidney_tumor,17
data/genai_images/kidney_tumor_genai_25.jpg,kidney_tumor,17
data/genai_images/kidney_tumor_genai_26.jpg,kidney_tumor,17
data/genai_images/kidney_tumor_genai_27.jpg,kidney_tumor,17
data/genai_images/kidney_tumor_genai_28.jpg,kidney_tumor,17
data/genai_images/kidney_tumor_genai_29.jpg,kidney_tumor,17
data/genai_images/kidney_tumor_genai_30.jpg,kidney_tumor,17
data/genai_images/kidney_tumor_genai_31.jpg,kidney_tumor,17
data/genai_images/kidney_tumor_genai_32.jpg,kidney_tumor,17
data/genai_images/kidney_tumor_genai_33.jpg,kidney_tumor,17
data/genai_images/kidney_tumor_genai_34.jpg,kidney_tumor,17
data/genai_images/kidney_tumor_genai_35.jpg,kidney_tumor,17
data/genai_images/kidney_tumor_genai_36.jpg,kidney_tumor,17
data/genai_images/kidney_tumor_genai_37.jpg,kidney_tumor,17
data/genai_images/kidney_tumor_genai_38.jpg,kidney_tumor,17
data/genai_images/kidney_tumor_genai_39.jpg,kidney_tumor,17
data/genai_images/kidney_tumor_genai_40.jpg,kidney_tumor,17
data/genai_images/kidney_tumor_genai_41.jpg,kidney_tumor,17
data/genai_images/kidney_tumor_genai_42.jpg,kidney_tumor,17
data/genai_images/kidney_tumor_genai_43.jpg,kidney_tumor,17
data/genai_images/kidney_tumor_genai_44.jpg,kidney_tumor,17
data/genai_images/kidney_tumor_genai_45.jpg,kidney_tumor,17
data/genai_images/kidney_tumor_genai_46.jpg,kidney_tumor,17
data/genai_images/kidney_tumor_genai_47.jpg,kidney_tumor,17
data/genai_images/kidney_tumor_genai_48.jpg,kidney_tumor,17
data/genai_images/kidney_tumor_genai_49.jpg,kidney_tumor,17
data/genai_images/kidney_tumor_genai_50.jpg,kidney_tumor,17
data/genai_images/kidney_tumor_genai_51.jpg,kidney_tumor,17
data/genai_images/kidney_tumor_genai_52.jpg,kidney_tumor,17
data/genai_images/kidney_tumor_genai_53.jpg,kidney_tumor,17
data/genai_images/kidney_tumor_genai_54.jpg,kidney_tumor,17
data/genai_images/kidney_tumor_genai_55.jpg,kidney_tumor,17
data/genai_images/kidney_tumor_genai_56.jpg,kidney_tumor,17
data/genai_images/kidney_tumor_genai_57.jpg,kidney_tumor,17
data/genai_images/kidney_tumor_genai_58.jpg,kidney_tumor,17
data/genai_images/kidney_tumor_genai_59.jpg,kidney_tumor,17
data/genai_images/kidney_tumor_genai_60.jpg,kidney_tumor,17
data/genai_images/kidney_tumor_genai_61.jpg,kidney_tumor,17
data/genai_images/kidney_tumor_genai_62.jpg,kidney_tumor,17
data/genai_images/kidney_tumor_genai_63.jpg,kidney_tumor,17
data/genai_images/kidney_tumor_genai_64.jpg,kidney_tumor,17
data/genai_images/kidney_tumor_genai_65.jpg,kidney_tumor,17
data/genai_images/kidney_tumor_genai_66.jpg,kidney_tumor,17
data/genai_images/kidney_tumor_genai_67.jpg,kidney_tumor,17
data/genai_images/kidney_tumor_genai_68.jpg,kidney_tumor,17
data/genai_images/kidney_tumor_genai_69.jpg,kidney_tumor,17
data/genai_images/kidney_tumor_genai_70.jpg,kidney_tumor,17
data/genai_images/kidney_tumor_genai_71.jpg,kidney_tumor,17
data/genai_images/kidney_tumor_genai_72.jpg,kidney_tumor,17
data/genai_images/kidney_tumor_genai_73.jpg,kidney_tumor,17
data/genai_images/kidney_tumor_genai_74.jpg,kidney_tumor,17
data/genai_images/kidney_tumor_genai_75.jpg,kidney_tumor,17
data/genai_images/kidney_tumor_genai_76.jpg,kidney_tumor,17
data/genai_images/kidney_tumor_genai_77.jpg,kidney_tumor,17
data/genai_images/kidney_tumor_genai_78.jpg,kidney_tumor,17
data/genai_images/kidney_tumor_genai_79.jpg,kidney_tumor,17
data/genai_images/kidney_tumor_genai_80.jpg,kidney_tumor,17
data/genai_images/kidney_tumor_genai_81.jpg,kidney_tumor,17
data/genai_images/kidney_tumor_genai_82.jpg,kidney_tumor,17
data/genai_images/kidney_tumor_genai_83.jpg,kidney_tumor,17
data/genai_images/kidney_tumor_genai_84.jpg,kidney_tumor,17
data/genai_images/kidney_tumor_genai_85.jpg,kidney_tumor,17
data/genai_images/kidney_tumor_genai_86.jpg,kidney_tumor,17
data/genai_images/kidney_tumor_genai_87.jpg,kidney_tumor,17
data/genai_images/kidney_tumor_genai_88.jpg,kidney_tumor,17
data/genai_images/kidney_tumor_genai_89.jpg,kidney_tumor,17
data/genai_images/kidney_tumor_genai_90.jpg,kidney_tumor,17
data/genai_images/kidney_tumor_genai_91.jpg,kidney_tumor,17
data/genai_images/kidney_tumor_genai_92.jpg,kidney_tumor,17
data/genai_images/kidney_tumor_genai_93.jpg,kidney_tumor,17
data/genai_images/kidney_tumor_genai_94.jpg,kidney_tumor,17
data/genai_images/kidney_tumor_genai_95.jpg,kidney_tumor,17
data/genai_images/kidney_tumor_genai_96.jpg,kidney_tumor,17
data/genai_images/kidney_tumor_genai_97.jpg,kidney_tumor,17
data/genai_images/kidney_tumor_genai_98.jpg,kidney_tumor,17
data/genai_images/kidney_tumor_genai_99.jpg,kidney_tumor,17
data/genai_images/kidney_tumor_genai_100.jpg,kidney_tumor,17
data/genai_images/kidney_tumor_genai_101.jpg,kidney_tumor,17
data/genai_images/kidney_tumor_genai_102.jpg,kidney_tumor,17
data/genai_images/kidney_tumor_genai_103.jpg,kidney_tumor,17
data/genai_images/kidney_tumor_genai_104.jpg,kidney_tumor,17
data/genai_images/kidney_tumor_genai_105.jpg,kidney_tumor,17
data/genai_images/kidney_tumor_genai_106.jpg,kidney_tumor,17
data/genai_images/kidney_tumor_genai_107.jpg,kidney_tumor,17
data/genai_images/kidney_tumor_genai_108.jpg,kidney_tumor,17
data/genai_images/kidney_tumor_genai_109.jpg,kidney_tumor,17
data/genai_images/kidney_tumor_genai_110.jpg,kidney_tumor,17
data/genai_images/kidney_tumor_genai_111.jpg,kidney_tumor,17
data/genai_images/kidney_tumor_genai_112.jpg,kidney_tumor,17
data/genai_images/kidney_tumor_genai_113.jpg,kidney_tumor,17
data/genai_images/kidney_tumor_genai_114.jpg,kidney_tumor,17
data/genai_images/kidney_tumor_genai_115.jpg,kidney_tumor,17
data/genai_images/kidney_tumor_genai_116.jpg,kidney_tumor,17
data/genai_images/kidney_tumor_genai_117.jpg,kidney_tumor,17
data/genai_images/kidney_tumor_genai_118.jpg,kidney_tumor,17
data/genai_images/kidney_tumor_genai_119.jpg,kidney_tumor,17
data/genai_images/kidney_tumor_genai_120.jpg,kidney_tumor,17
data/genai_images/kidney_tumor_genai_121.jpg,kidney_tumor,17
data/genai_images/kidney_tumor_genai_122.jpg,kidney_tumor,17
data/genai_images/kidney_tumor_genai_123.jpg,kidney_tumor,17
data/genai_images/kidney_tumor_genai_124.jpg,kidney_tumor,17
data/genai_images/kidney_tumor_genai_125.jpg,kidney_tumor,17
data/genai_images/kidney_tumor_genai_126.jpg,kidney_tumor,17
data/genai_images/kidney_tumor_genai_127.jpg,kidney_tumor,17
data/genai_images/kidney_tumor_genai_128.jpg,kidney_tumor,17
data/genai_images/kidney_tumor_genai_129.jpg,kidney_tumor,17
data/genai_images/kidney_tumor_genai_130.jpg,kidney_tumor,17
data/genai_images/kidney_tumor_genai_131.jpg,kidney_tumor,17
data/genai_images/kidney_tumor_genai_132.jpg,kidney_tumor,17
data/genai_images/kidney_tumor_genai_133.jpg,kidney_tumor,17
data/genai_images/kidney_tumor_genai_134.jpg,kidney_tumor,17
data/genai_images/kidney_tumor_genai_135.jpg,kidney_tumor,17
data/genai_images/kidney_tumor_genai_136.jpg,kidney_tumor,17
data/genai_images/kidney_tumor_genai_137.jpg,kidney_tumor,17
data/genai_images/kidney_tumor_genai_138.jpg,kidney_tumor,17
data/genai_images/kidney_tumor_genai_139.jpg,kidney_tumor,17
data/genai_images/kidney_tumor_genai_140.jpg,kidney_tumor,17
data/genai_images/kidney_tumor_genai_141.jpg,kidney_tumor,17
data/genai_images/kidney_tumor_genai_142.jpg,kidney_tumor,17
data/genai_images/kidney_tumor_genai_143.jpg,kidney_tumor,17
data/genai_images/kidney_tumor_genai_144.jpg,kidney_tumor,17
data/genai_images/kidney_tumor_genai_145.jpg,kidney_tumor,17
data/genai_images/kidney_tumor_genai_146.jpg,kidney_tumor,17
data/genai_images/kidney_tumor_genai_147.jpg,kidney_tumor,17
data/genai_images/kidney_tumor_genai_148.jpg,kidney_tumor,17
data/genai_images/kidney_tumor_genai_149.jpg,kidney_tumor,17
data/genai_images/kidney_tumor_genai_150.jpg,kidney_tumor,17
data/genai_images/kidney_tumor_genai_151.jpg,kidney_tumor,17
data/genai_images/kidney_tumor_genai_152.jpg,kidney_tumor,17
data/genai_images/kidney_tumor_genai_153.jpg,kidney_tumor,17
data/genai_images/kidney_tumor_genai_154.jpg,kidney_tumor,17
data/genai_images/kidney_tumor_genai_155.jpg,kidney_tumor,17
data/genai_images/kidney_tumor_genai_156.jpg,kidney_tumor,17
data/genai_images/kidney_tumor_genai_157.jpg,kidney_tumor,17
data/genai_images/kidney_tumor_genai_158.jpg,kidney_tumor,17
data/genai_images/kidney_tumor_genai_159.jpg,kidney_tumor,17
data/genai_images/kidney_tumor_genai_160.jpg,kidney_tumor,17
data/genai_images/kidney_tumor_genai_161.jpg,kidney_tumor,17
data/genai_images/kidney_tumor_genai_162.jpg,kidney_tumor,17
data/genai_images/kidney_tumor_genai_163.jpg,kidney_tumor,17
data/genai_images/kidney_tumor_genai_164.jpg,kidney_tumor,17
data/genai_images/kidney_tumor_genai_165.jpg,kidney_tumor,17
data/genai_images/kidney_tumor_genai_166.jpg,kidney_tumor,17
data/genai_images/kidney_tumor_genai_167.jpg,kidney_tumor,17
data/genai_images/kidney_tumor_genai_168.jpg,kidney_tumor,17
data/genai_images/kidney_tumor_genai_169.jpg,kidney_tumor,17
data/genai_images/kidney_tumor_genai_170.jpg,kidney_tumor,17
data/genai_images/kidney_tumor_genai_171.jpg,kidney_tumor,17
data/genai_images/kidney_tumor_genai_172.jpg,kidney_tumor,17
data/genai_images/kidney_tumor_genai_173.jpg,kidney_tumor,17
data/genai_images/kidney_tumor_genai_174.jpg,kidney_tumor,17
data/genai_images/kidney_tumor_genai_175.jpg,kidney_tumor,17
data/genai_images/kidney_tumor_genai_176.jpg,kidney_tumor,17
data/genai_images/kidney_tumor_genai_177.jpg,kidney_tumor,17
data/genai_images/kidney_tumor_genai_178.jpg,kidney_tumor,17
data/genai_images/kidney_tumor_genai_179.jpg,kidney_tumor,17
data/genai_images/kidney_tumor_genai_180.jpg,kidney_tumor,17
data/genai_images/kidney_tumor_genai_181.jpg,kidney_tumor,17
data/genai_images/kidney_tumor_genai_182.jpg,kidney_tumor,17
data/genai_images/kidney_tumor_genai_183.jpg,kidney_tumor,17
data/genai_images/kidney_tumor_genai_184.jpg,kidney_tumor,17
data/genai_images/kidney_tumor_genai_185.jpg,kidney_tumor,17
data/genai_images/kidney_tumor_genai_186.jpg,kidney_tumor,17
data/genai_images/kidney_tumor_genai_187.jpg,kidney_tumor,17
data/genai_images/kidney_tumor_genai_188.jpg,kidney_tumor,17
data/genai_images/kidney_tumor_genai_189.jpg,kidney_tumor,17
data/genai_images/kidney_tumor_genai_190.jpg,kidney_tumor,17
data/genai_images/kidney_tumor_genai_191.jpg,kidney_tumor,17
data/genai_images/kidney_tumor_genai_192.jpg,kidney_tumor,17
data/genai_images/kidney_tumor_genai_193.jpg,kidney_tumor,17
data/genai_images/kidney_tumor_genai_194.jpg,kidney_tumor,17
data/genai_images/kidney_tumor_genai_195.jpg,kidney_tumor,17
data/genai_images/kidney_tumor_genai_196.jpg,kidney_tumor,17
data/genai_images/kidney_tumor_genai_197.jpg,kidney_tumor,17
data/genai_images/kidney_tumor_genai_198.jpg,kidney_tumor,17
data/genai_images/kidney_tumor_genai_199.jpg,kidney_tumor,17
data/genai_images/kidney_tumor_genai_200.jpg,kidney_tumor,17
data/genai_images/kidney_tumor_genai_201.jpg,kidney_tumor,17
data/genai_images/kidney_tumor_genai_202.jpg,kidney_tumor,17
data/genai_images/kidney_tumor_genai_203.jpg,kidney_tumor,17
data/genai_images/kidney_tumor_genai_204.jpg,kidney_tumor,17
data/genai_images/kidney_tumor_genai_205.jpg,kidney_tumor,17
data/genai_images/kidney_tumor_genai_206.jpg,kidney_tumor,17
data/genai_images/kidney_tumor_genai_207.jpg,kidney_tumor,17
data/genai_images/kidney_tumor_genai_208.jpg,kidney_tumor,17
data/genai_images/kidney_tumor_genai_209.jpg,kidney_tumor,17
data/genai_images/kidney_tumor_genai_210.jpg,kidney_tumor,17
data/genai_images/kidney_tumor_genai_211.jpg,kidney_tumor,17
data/genai_images/kidney_tumor_genai_212.jpg,kidney_tumor,17
data/genai_images/kidney_tumor_genai_213.jpg,kidney_tumor,17
data/genai_images/kidney_tumor_genai_214.jpg,kidney_tumor,17
data/genai_images/kidney_tumor_genai_215.jpg,kidney_tumor,17
data/genai_images/kidney_tumor_genai_216.jpg,kidney_tumor,17
data/genai_images/kidney_tumor_genai_217.jpg,kidney_tumor,17
data/genai_images/kidney_tumor_genai_218.jpg,kidney_tumor,17
data/genai_images/kidney_tumor_genai_219.jpg,kidney_tumor,17
data/genai_images/kidney_tumor_genai_220.jpg,kidney_tumor,17
data/genai_images/kidney_tumor_genai_221.jpg,kidney_tumor,17
data/genai_images/kidney_tumor_genai_222.jpg,kidney_tumor,17
data/genai_images/kidney_tumor_genai_223.jpg,kidney_tumor,17
data/genai_images/kidney_tumor_genai_224.jpg,kidney_tumor,17
data/genai_images/kidney_tumor_genai_225.jpg,kidney_tumor,17
data/genai_images/kidney_tumor_genai_226.jpg,kidney_tumor,17
data/genai_images/kidney_tumor_genai_227.jpg,kidney_tumor,17
data/genai_images/kidney_tumor_genai_228.jpg,kidney_tumor,17
data/genai_images/kidney_tumor_genai_229.jpg,kidney_tumor,17
data/genai_images/kidney_tumor_genai_230.jpg,kidney_tumor,17
data/genai_images/kidney_tumor_genai_231.jpg,kidney_tumor,17
data/genai_images/kidney_tumor_genai_232.jpg,kidney_tumor,17
data/genai_images/kidney_tumor_genai_233.jpg,kidney_tumor,17
data/genai_images/kidney_tumor_genai_234.jpg,kidney_tumor,17
data/genai_images/kidney_tumor_genai_235.jpg,kidney_tumor,17
data/genai_images/kidney_tumor_genai_236.jpg,kidney_tumor,17
data/genai_images/kidney_tumor_genai_237.jpg,kidney_tumor,17
data/genai_images/kidney_tumor_genai_238.jpg,kidney_tumor,17
data/genai_images/kidney_tumor_genai_239.jpg,kidney_tumor,17
data/genai_images/kidney_tumor_genai_240.jpg,kidney_tumor,17
data/genai_images/kidney_tumor_genai_241.jpg,kidney_tumor,17
data/genai_images/kidney_tumor_genai_242.jpg,kidney_tumor,17
data/genai_images/kidney_tumor_genai_243.jpg,kidney_tumor,17
data/genai_images/kidney_tumor_genai_244.jpg,kidney_tumor,17
data/genai_images/kidney_tumor_genai_245.jpg,kidney_tumor,17
data/genai_images/kidney_tumor_genai_246.jpg,kidney_tumor,17
data/genai_images/kidney_tumor_genai_247.jpg,kidney_tumor,17
data/genai_images/kidney_tumor_genai_248.jpg,kidney_tumor,17
data/genai_images/kidney_tumor_genai_249.jpg,kidney_tumor,17
data/genai_images/kidney_tumor_genai_250.jpg,kidney_tumor,17
data/genai_images/kidney_tumor_genai_251.jpg,kidney_tumor,17
data/genai_images/kidney_tumor_genai_252.jpg,kidney_tumor,17
data/genai_images/kidney_tumor_genai_253.jpg,kidney_tumor,17
data/genai_images/kidney_tumor_genai_254.jpg,kidney_tumor,17
data/genai_images/kidney_tumor_genai_255.jpg,kidney_tumor,17
data/genai_images/kidney_tumor_genai_256.jpg,kidney_tumor,17
data/genai_images/kidney_tumor_genai_257.jpg,kidney_tumor,17
data/genai_images/kidney_tumor_genai_258.jpg,kidney_tumor,17
data/genai_images/kidney_tumor_genai_259.jpg,kidney_tumor,17
data/genai_images/kidney_tumor_genai_260.jpg,kidney_tumor,17
data/genai_images/kidney_tumor_genai_261.jpg,kidney_tumor,17
data/genai_images/kidney_tumor_genai_262.jpg,kidney_tumor,17
data/genai_images/kidney_tumor_genai_263.jpg,kidney_tumor,17
data/genai_images/kidney_tumor_genai_264.jpg,kidney_tumor,17
data/genai_images/kidney_tumor_genai_265.jpg,kidney_tumor,17
data/genai_images/kidney_tumor_genai_266.jpg,kidney_tumor,17
data/genai_images/kidney_tumor_genai_267.jpg,kidney_tumor,17
data/genai_images/kidney_tumor_genai_268.jpg,kidney_tumor,17
data/genai_images/kidney_tumor_genai_269.jpg,kidney_tumor,17
data/genai_images/kidney_tumor_genai_270.jpg,kidney_tumor,17
data/genai_images/kidney_tumor_genai_271.jpg,kidney_tumor,17
data/genai_images/kidney_tumor_genai_272.jpg,kidney_tumor,17
data/genai_images/kidney_tumor_genai_273.jpg,kidney_tumor,17
data/genai_images/kidney_tumor_genai_274.jpg,kidney_tumor,17
data/genai_images/kidney_tumor_genai_275.jpg,kidney_tumor,17
data/genai_images/kidney_tumor_genai_276.jpg,kidney_tumor,17
data/genai_images/kidney_tumor_genai_277.jpg,kidney_tumor,17
data/genai_images/kidney_tumor_genai_278.jpg,kidney_tumor,17
data/genai_images/kidney_tumor_genai_279.jpg,kidney_tumor,17
data/genai_images/kidney_tumor_genai_280.jpg,kidney_tumor,17
data/genai_images/kidney_tumor_genai_281.jpg,kidney_tumor,17
data/genai_images/kidney_tumor_genai_282.jpg,kidney_tumor,17
data/genai_images/kidney_tumor_genai_283.jpg,kidney_tumor,17
data/genai_images/kidney_tumor_genai_284.jpg,kidney_tumor,17
data/genai_images/kidney_tumor_genai_285.jpg,kidney_tumor,17
data/genai_images/kidney_tumor_genai_286.jpg,kidney_tumor,17
data/genai_images/kidney_tumor_genai_287.jpg,kidney_tumor,17
data/genai_images/kidney_tumor_genai_288.jpg,kidney_tumor,17
data/genai_images/kidney_tumor_genai_289.jpg,kidney_tumor,17
data/genai_images/kidney_tumor_genai_290.jpg,kidney_tumor,17
data/genai_images/kidney_tumor_genai_291.jpg,kidney_tumor,17
data/genai_images/kidney_tumor_genai_292.jpg,kidney_tumor,17
data/genai_images/kidney_tumor_genai_293.jpg,kidney_tumor,17
data/genai_images/kidney_tumor_genai_294.jpg,kidney_tumor,17
data/genai_images/kidney_tumor_genai_295.jpg,kidney_tumor,17
data/genai_images/kidney_tumor_genai_296.jpg,kidney_tumor,17
data/genai_images/kidney_tumor_genai_297.jpg,kidney_tumor,17
data/genai_images/kidney_tumor_genai_298.jpg,kidney_tumor,17
data/genai_images/kidney_tumor_genai_299.jpg,kidney_tumor,17
data/genai_images/lymph_mcl_genai_0.jpg,lymph_mcl,23
data/genai_images/lymph_mcl_genai_1.jpg,lymph_mcl,23
data/genai_images/lymph_mcl_genai_2.jpg,lymph_mcl,23
data/genai_images/lymph_mcl_genai_3.jpg,lymph_mcl,23
data/genai_images/lymph_mcl_genai_4.jpg,lymph_mcl,23
data/genai_images/lymph_mcl_genai_5.jpg,lymph_mcl,23
data/genai_images/lymph_mcl_genai_6.jpg,lymph_mcl,23
data/genai_images/lymph_mcl_genai_7.jpg,lymph_mcl,23
data/genai_images/lymph_mcl_genai_8.jpg,lymph_mcl,23
data/genai_images/lymph_mcl_genai_9.jpg,lymph_mcl,23
data/genai_images/lymph_mcl_genai_10.jpg,lymph_mcl,23
data/genai_images/lymph_mcl_genai_11.jpg,lymph_mcl,23
data/genai_images/lymph_mcl_genai_12.jpg,lymph_mcl,23
data/genai_images/lymph_mcl_genai_13.jpg,lymph_mcl,23
data/genai_images/lymph_mcl_genai_14.jpg,lymph_mcl,23
data/genai_images/lymph_mcl_genai_15.jpg,lymph_mcl,23
data/genai_images/lymph_mcl_genai_16.jpg,lymph_mcl,23
data/genai_images/lymph_mcl_genai_17.jpg,lymph_mcl,23
data/genai_images/lymph_mcl_genai_18.jpg,lymph_mcl,23
data/genai_images/lymph_mcl_genai_19.jpg,lymph_mcl,23
data/genai_images/lymph_mcl_genai_20.jpg,lymph_mcl,23
data/genai_images/lymph_mcl_genai_21.jpg,lymph_mcl,23
data/genai_images/lymph_mcl_genai_22.jpg,lymph_mcl,23
data/genai_images/lymph_mcl_genai_23.jpg,lymph_mcl,23
data/genai_images/lymph_mcl_genai_24.jpg,lymph_mcl,23
data/genai_images/lymph_mcl_genai_25.jpg,lymph_mcl,23
data/genai_images/lymph_mcl_genai_26.jpg,lymph_mcl,23
data/genai_images/lymph_mcl_genai_27.jpg,lymph_mcl,23
data/genai_images/lymph_mcl_genai_28.jpg,lymph_mcl,23
data/genai_images/lymph_mcl_genai_29.jpg,lymph_mcl,23
data/genai_images/lymph_mcl_genai_30.jpg,lymph_mcl,23
data/genai_images/lymph_mcl_genai_31.jpg,lymph_mcl,23
data/genai_images/lymph_mcl_genai_32.jpg,lymph_mcl,23
data/genai_images/lymph_mcl_genai_33.jpg,lymph_mcl,23
data/genai_images/lymph_mcl_genai_34.jpg,lymph_mcl,23
data/genai_images/lymph_mcl_genai_35.jpg,lymph_mcl,23
data/genai_images/lymph_mcl_genai_36.jpg,lymph_mcl,23
data/genai_images/lymph_mcl_genai_37.jpg,lymph_mcl,23
data/genai_images/lymph_mcl_genai_38.jpg,lymph_mcl,23
data/genai_images/lymph_mcl_genai_39.jpg,lymph_mcl,23
data/genai_images/lymph_mcl_genai_40.jpg,lymph_mcl,23
data/genai_images/lymph_mcl_genai_41.jpg,lymph_mcl,23
data/genai_images/lymph_mcl_genai_42.jpg,lymph_mcl,23
data/genai_images/lymph_mcl_genai_43.jpg,lymph_mcl,23
data/genai_images/lymph_mcl_genai_44.jpg,lymph_mcl,23
data/genai_images/lymph_mcl_genai_45.jpg,lymph_mcl,23
data/genai_images/lymph_mcl_genai_46.jpg,lymph_mcl,23
data/genai_images/lymph_mcl_genai_47.jpg,lymph_mcl,23
data/genai_images/lymph_mcl_genai_48.jpg,lymph_mcl,23
data/genai_images/lymph_mcl_genai_49.jpg,lymph_mcl,23
data/genai_images/lymph_mcl_genai_50.jpg,lymph_mcl,23
data/genai_images/lymph_mcl_genai_51.jpg,lymph_mcl,23
data/genai_images/lymph_mcl_genai_52.jpg,lymph_mcl,23
data/genai_images/lymph_mcl_genai_53.jpg,lymph_mcl,23
data/genai_images/lymph_mcl_genai_54.jpg,lymph_mcl,23
data/genai_images/lymph_mcl_genai_55.jpg,lymph_mcl,23
data/genai_images/lymph_mcl_genai_56.jpg,lymph_mcl,23
data/genai_images/lymph_mcl_genai_57.jpg,lymph_mcl,23
data/genai_images/lymph_mcl_genai_58.jpg,lymph_mcl,23
data/genai_images/lymph_mcl_genai_59.jpg,lymph_mcl,23
data/genai_images/lymph_mcl_genai_60.jpg,lymph_mcl,23
data/genai_images/lymph_mcl_genai_61.jpg,lymph_mcl,23
data/genai_images/lymph_mcl_genai_62.jpg,lymph_mcl,23
data/genai_images/lymph_mcl_genai_63.jpg,lymph_mcl,23
data/genai_images/lymph_mcl_genai_64.jpg,lymph_mcl,23
data/genai_images/lymph_mcl_genai_65.jpg,lymph_mcl,23
data/genai_images/lymph_mcl_genai_66.jpg,lymph_mcl,23
data/genai_images/lymph_mcl_genai_67.jpg,lymph_mcl,23
data/genai_images/lymph_mcl_genai_68.jpg,lymph_mcl,23
data/genai_images/lymph_mcl_genai_69.jpg,lymph_mcl,23
data/genai_images/lymph_mcl_genai_70.jpg,lymph_mcl,23
data/genai_images/lymph_mcl_genai_71.jpg,lymph_mcl,23
data/genai_images/lymph_mcl_genai_72.jpg,lymph_mcl,23
data/genai_images/lymph_mcl_genai_73.jpg,lymph_mcl,23
data/genai_images/lymph_mcl_genai_74.jpg,lymph_mcl,23
data/genai_images/lymph_mcl_genai_75.jpg,lymph_mcl,23
data/genai_images/lymph_mcl_genai_76.jpg,lymph_mcl,23
data/genai_images/lymph_mcl_genai_77.jpg,lymph_mcl,23
data/genai_images/lymph_mcl_genai_78.jpg,lymph_mcl,23
data/genai_images/lymph_mcl_genai_79.jpg,lymph_mcl,23
data/genai_images/lymph_mcl_genai_80.jpg,lymph_mcl,23
data/genai_images/lymph_mcl_genai_81.jpg,lymph_mcl,23
data/genai_images/lymph_mcl_genai_82.jpg,lymph_mcl,23
data/genai_images/lymph_mcl_genai_83.jpg,lymph_mcl,23
data/genai_images/lymph_mcl_genai_84.jpg,lymph_mcl,23
data/genai_images/lymph_mcl_genai_85.jpg,lymph_mcl,23
data/genai_images/lymph_mcl_genai_86.jpg,lymph_mcl,23
data/genai_images/lymph_mcl_genai_87.jpg,lymph_mcl,23
data/genai_images/lymph_mcl_genai_88.jpg,lymph_mcl,23
data/genai_images/lymph_mcl_genai_89.jpg,lymph_mcl,23
data/genai_images/lymph_mcl_genai_90.jpg,lymph_mcl,23
data/genai_images/lymph_mcl_genai_91.jpg,lymph_mcl,23
data/genai_images/lymph_mcl_genai_92.jpg,lymph_mcl,23
data/genai_images/lymph_mcl_genai_93.jpg,lymph_mcl,23
data/genai_images/lymph_mcl_genai_94.jpg,lymph_mcl,23
data/genai_images/lymph_mcl_genai_95.jpg,lymph_mcl,23
data/genai_images/lymph_mcl_genai_96.jpg,lymph_mcl,23
data/genai_images/lymph_mcl_genai_97.jpg,lymph_mcl,23
data/genai_images/lymph_mcl_genai_98.jpg,lymph_mcl,23
data/genai_images/lymph_mcl_genai_99.jpg,lymph_mcl,23
data/genai_images/lymph_mcl_genai_100.jpg,lymph_mcl,23
data/genai_images/lymph_mcl_genai_101.jpg,lymph_mcl,23
data/genai_images/lymph_mcl_genai_102.jpg,lymph_mcl,23
data/genai_images/lymph_mcl_genai_103.jpg,lymph_mcl,23
data/genai_images/lymph_mcl_genai_104.jpg,lymph_mcl,23
data/genai_images/lymph_mcl_genai_105.jpg,lymph_mcl,23
data/genai_images/lymph_mcl_genai_106.jpg,lymph_mcl,23
data/genai_images/lymph_mcl_genai_107.jpg,lymph_mcl,23
data/genai_images/lymph_mcl_genai_108.jpg,lymph_mcl,23
data/genai_images/lymph_mcl_genai_109.jpg,lymph_mcl,23
data/genai_images/lymph_mcl_genai_110.jpg,lymph_mcl,23
data/genai_images/lymph_mcl_genai_111.jpg,lymph_mcl,23
data/genai_images/lymph_mcl_genai_112.jpg,lymph_mcl,23
data/genai_images/lymph_mcl_genai_113.jpg,lymph_mcl,23
data/genai_images/lymph_mcl_genai_114.jpg,lymph_mcl,23
data/genai_images/lymph_mcl_genai_115.jpg,lymph_mcl,23
data/genai_images/lymph_mcl_genai_116.jpg,lymph_mcl,23
data/genai_images/lymph_mcl_genai_117.jpg,lymph_mcl,23
data/genai_images/lymph_mcl_genai_118.jpg,lymph_mcl,23
data/genai_images/lymph_mcl_genai_119.jpg,lymph_mcl,23
data/genai_images/lymph_mcl_genai_120.jpg,lymph_mcl,23
data/genai_images/lymph_mcl_genai_121.jpg,lymph_mcl,23
data/genai_images/lymph_mcl_genai_122.jpg,lymph_mcl,23
data/genai_images/lymph_mcl_genai_123.jpg,lymph_mcl,23
data/genai_images/lymph_mcl_genai_124.jpg,lymph_mcl,23
data/genai_images/lymph_mcl_genai_125.jpg,lymph_mcl,23
data/genai_images/lymph_mcl_genai_126.jpg,lymph_mcl,23
data/genai_images/lymph_mcl_genai_127.jpg,lymph_mcl,23
data/genai_images/lymph_mcl_genai_128.jpg,lymph_mcl,23
data/genai_images/lymph_mcl_genai_129.jpg,lymph_mcl,23
data/genai_images/lymph_mcl_genai_130.jpg,lymph_mcl,23
data/genai_images/lymph_mcl_genai_131.jpg,lymph_mcl,23
data/genai_images/lymph_mcl_genai_132.jpg,lymph_mcl,23
data/genai_images/lymph_mcl_genai_133.jpg,lymph_mcl,23
data/genai_images/lymph_mcl_genai_134.jpg,lymph_mcl,23
data/genai_images/lymph_mcl_genai_135.jpg,lymph_mcl,23
data/genai_images/lymph_mcl_genai_136.jpg,lymph_mcl,23
data/genai_images/lymph_mcl_genai_137.jpg,lymph_mcl,23
data/genai_images/lymph_mcl_genai_138.jpg,lymph_mcl,23
data/genai_images/lymph_mcl_genai_139.jpg,lymph_mcl,23
data/genai_images/lymph_mcl_genai_140.jpg,lymph_mcl,23
data/genai_images/lymph_mcl_genai_141.jpg,lymph_mcl,23
data/genai_images/lymph_mcl_genai_142.jpg,lymph_mcl,23
data/genai_images/lymph_mcl_genai_143.jpg,lymph_mcl,23
data/genai_images/lymph_mcl_genai_144.jpg,lymph_mcl,23
data/genai_images/lymph_mcl_genai_145.jpg,lymph_mcl,23
data/genai_images/lymph_mcl_genai_146.jpg,lymph_mcl,23
data/genai_images/lymph_mcl_genai_147.jpg,lymph_mcl,23
data/genai_images/lymph_mcl_genai_148.jpg,lymph_mcl,23
data/genai_images/lymph_mcl_genai_149.jpg,lymph_mcl,23
data/genai_images/lymph_mcl_genai_150.jpg,lymph_mcl,23
data/genai_images/lymph_mcl_genai_151.jpg,lymph_mcl,23
data/genai_images/lymph_mcl_genai_152.jpg,lymph_mcl,23
data/genai_images/lymph_mcl_genai_153.jpg,lymph_mcl,23
data/genai_images/lymph_mcl_genai_154.jpg,lymph_mcl,23
data/genai_images/lymph_mcl_genai_155.jpg,lymph_mcl,23
data/genai_images/lymph_mcl_genai_156.jpg,lymph_mcl,23
data/genai_images/lymph_mcl_genai_157.jpg,lymph_mcl,23
data/genai_images/lymph_mcl_genai_158.jpg,lymph_mcl,23
data/genai_images/lymph_mcl_genai_159.jpg,lymph_mcl,23
data/genai_images/lymph_mcl_genai_160.jpg,lymph_mcl,23
data/genai_images/lymph_mcl_genai_161.jpg,lymph_mcl,23
data/genai_images/lymph_mcl_genai_162.jpg,lymph_mcl,23
data/genai_images/lymph_mcl_genai_163.jpg,lymph_mcl,23
data/genai_images/lymph_mcl_genai_164.jpg,lymph_mcl,23
data/genai_images/lymph_mcl_genai_165.jpg,lymph_mcl,23
data/genai_images/lymph_mcl_genai_166.jpg,lymph_mcl,23
data/genai_images/lymph_mcl_genai_167.jpg,lymph_mcl,23
data/genai_images/lymph_mcl_genai_168.jpg,lymph_mcl,23
data/genai_images/lymph_mcl_genai_169.jpg,lymph_mcl,23
data/genai_images/lymph_mcl_genai_170.jpg,lymph_mcl,23
data/genai_images/lymph_mcl_genai_171.jpg,lymph_mcl,23
data/genai_images/lymph_mcl_genai_172.jpg,lymph_mcl,23
data/genai_images/lymph_mcl_genai_173.jpg,lymph_mcl,23
data/genai_images/lymph_mcl_genai_174.jpg,lymph_mcl,23
data/genai_images/lymph_mcl_genai_175.jpg,lymph_mcl,23
data/genai_images/lymph_mcl_genai_176.jpg,lymph_mcl,23
data/genai_images/lymph_mcl_genai_177.jpg,lymph_mcl,23
data/genai_images/lymph_mcl_genai_178.jpg,lymph_mcl,23
data/genai_images/lymph_mcl_genai_179.jpg,lymph_mcl,23
data/genai_images/lymph_mcl_genai_180.jpg,lymph_mcl,23
data/genai_images/lymph_mcl_genai_181.jpg,lymph_mcl,23
data/genai_images/lymph_mcl_genai_182.jpg,lymph_mcl,23
data/genai_images/lymph_mcl_genai_183.jpg,lymph_mcl,23
data/genai_images/lymph_mcl_genai_184.jpg,lymph_mcl,23
data/genai_images/lymph_mcl_genai_185.jpg,lymph_mcl,23
data/genai_images/lymph_mcl_genai_186.jpg,lymph_mcl,23
data/genai_images/lymph_mcl_genai_187.jpg,lymph_mcl,23
data/genai_images/lymph_mcl_genai_188.jpg,lymph_mcl,23
data/genai_images/lymph_mcl_genai_189.jpg,lymph_mcl,23
data/genai_images/lymph_mcl_genai_190.jpg,lymph_mcl,23
data/genai_images/lymph_mcl_genai_191.jpg,lymph_mcl,23
data/genai_images/lymph_mcl_genai_192.jpg,lymph_mcl,23
data/genai_images/lymph_mcl_genai_193.jpg,lymph_mcl,23
data/genai_images/lymph_mcl_genai_194.jpg,lymph_mcl,23
data/genai_images/lymph_mcl_genai_195.jpg,lymph_mcl,23
data/genai_images/lymph_mcl_genai_196.jpg,lymph_mcl,23
data/genai_images/lymph_mcl_genai_197.jpg,lymph_mcl,23
data/genai_images/lymph_mcl_genai_198.jpg,lymph_mcl,23
data/genai_images/lymph_mcl_genai_199.jpg,lymph_mcl,23
data/genai_images/lymph_mcl_genai_200.jpg,lymph_mcl,23
data/genai_images/lymph_mcl_genai_201.jpg,lymph_mcl,23
data/genai_images/lymph_mcl_genai_202.jpg,lymph_mcl,23
data/genai_images/lymph_mcl_genai_203.jpg,lymph_mcl,23
data/genai_images/lymph_mcl_genai_204.jpg,lymph_mcl,23
data/genai_images/lymph_mcl_genai_205.jpg,lymph_mcl,23
data/genai_images/lymph_mcl_genai_206.jpg,lymph_mcl,23
data/genai_images/lymph_mcl_genai_207.jpg,lymph_mcl,23
data/genai_images/lymph_mcl_genai_208.jpg,lymph_mcl,23
data/genai_images/lymph_mcl_genai_209.jpg,lymph_mcl,23
data/genai_images/lymph_mcl_genai_210.jpg,lymph_mcl,23
data/genai_images/lymph_mcl_genai_211.jpg,lymph_mcl,23
data/genai_images/lymph_mcl_genai_212.jpg,lymph_mcl,23
data/genai_images/lymph_mcl_genai_213.jpg,lymph_mcl,23
data/genai_images/lymph_mcl_genai_214.jpg,lymph_mcl,23
data/genai_images/lymph_mcl_genai_215.jpg,lymph_mcl,23
data/genai_images/lymph_mcl_genai_216.jpg,lymph_mcl,23
data/genai_images/lymph_mcl_genai_217.jpg,lymph_mcl,23
data/genai_images/lymph_mcl_genai_218.jpg,lymph_mcl,23
data/genai_images/lymph_mcl_genai_219.jpg,lymph_mcl,23
data/genai_images/lymph_mcl_genai_220.jpg,lymph_mcl,23
data/genai_images/lymph_mcl_genai_221.jpg,lymph_mcl,23
data/genai_images/lymph_mcl_genai_222.jpg,lymph_mcl,23
data/genai_images/lymph_mcl_genai_223.jpg,lymph_mcl,23
data/genai_images/lymph_mcl_genai_224.jpg,lymph_mcl,23
data/genai_images/lymph_mcl_genai_225.jpg,lymph_mcl,23
data/genai_images/lymph_mcl_genai_226.jpg,lymph_mcl,23
data/genai_images/lymph_mcl_genai_227.jpg,lymph_mcl,23
data/genai_images/lymph_mcl_genai_228.jpg,lymph_mcl,23
data/genai_images/lymph_mcl_genai_229.jpg,lymph_mcl,23
data/genai_images/lymph_mcl_genai_230.jpg,lymph_mcl,23
data/genai_images/lymph_mcl_genai_231.jpg,lymph_mcl,23
data/genai_images/lymph_mcl_genai_232.jpg,lymph_mcl,23
data/genai_images/lymph_mcl_genai_233.jpg,lymph_mcl,23
data/genai_images/lymph_mcl_genai_234.jpg,lymph_mcl,23
data/genai_images/lymph_mcl_genai_235.jpg,lymph_mcl,23
data/genai_images/lymph_mcl_genai_236.jpg,lymph_mcl,23
data/genai_images/lymph_mcl_genai_237.jpg,lymph_mcl,23
data/genai_images/lymph_mcl_genai_238.jpg,lymph_mcl,23
data/genai_images/lymph_mcl_genai_239.jpg,lymph_mcl,23
data/genai_images/lymph_mcl_genai_240.jpg,lymph_mcl,23
data/genai_images/lymph_mcl_genai_241.jpg,lymph_mcl,23
data/genai_images/lymph_mcl_genai_242.jpg,lymph_mcl,23
data/genai_images/lymph_mcl_genai_243.jpg,lymph_mcl,23
data/genai_images/lymph_mcl_genai_244.jpg,lymph_mcl,23
data/genai_images/lymph_mcl_genai_245.jpg,lymph_mcl,23
data/genai_images/lymph_mcl_genai_246.jpg,lymph_mcl,23
data/genai_images/lymph_mcl_genai_247.jpg,lymph_mcl,23
data/genai_images/lymph_mcl_genai_248.jpg,lymph_mcl,23
data/genai_images/lymph_mcl_genai_249.jpg,lymph_mcl,23
data/genai_images/lymph_mcl_genai_250.jpg,lymph_mcl,23
data/genai_images/lymph_mcl_genai_251.jpg,lymph_mcl,23
data/genai_images/lymph_mcl_genai_252.jpg,lymph_mcl,23
data/genai_images/lymph_mcl_genai_253.jpg,lymph_mcl,23
data/genai_images/lymph_mcl_genai_254.jpg,lymph_mcl,23
data/genai_images/lymph_mcl_genai_255.jpg,lymph_mcl,23
data/genai_images/lymph_mcl_genai_256.jpg,lymph_mcl,23
data/genai_images/lymph_mcl_genai_257.jpg,lymph_mcl,23
data/genai_images/lymph_mcl_genai_258.jpg,lymph_mcl,23
data/genai_images/lymph_mcl_genai_259.jpg,lymph_mcl,23
data/genai_images/lymph_mcl_genai_260.jpg,lymph_mcl,23
data/genai_images/lymph_mcl_genai_261.jpg,lymph_mcl,23
data/genai_images/lymph_mcl_genai_262.jpg,lymph_mcl,23
data/genai_images/lymph_mcl_genai_263.jpg,lymph_mcl,23
data/genai_images/lymph_mcl_genai_264.jpg,lymph_mcl,23
data/genai_images/lymph_mcl_genai_265.jpg,lymph_mcl,23
data/genai_images/lymph_mcl_genai_266.jpg,lymph_mcl,23
data/genai_images/lymph_mcl_genai_267.jpg,lymph_mcl,23
data/genai_images/lymph_mcl_genai_268.jpg,lymph_mcl,23
data/genai_images/lymph_mcl_genai_269.jpg,lymph_mcl,23
data/genai_images/lymph_mcl_genai_270.jpg,lymph_mcl,23
data/genai_images/lymph_mcl_genai_271.jpg,lymph_mcl,23
data/genai_images/lymph_mcl_genai_272.jpg,lymph_mcl,23
data/genai_images/lymph_mcl_genai_273.jpg,lymph_mcl,23
data/genai_images/lymph_mcl_genai_274.jpg,lymph_mcl,23
data/genai_images/lymph_mcl_genai_275.jpg,lymph_mcl,23
data/genai_images/lymph_mcl_genai_276.jpg,lymph_mcl,23
data/genai_images/lymph_mcl_genai_277.jpg,lymph_mcl,23
data/genai_images/lymph_mcl_genai_278.jpg,lymph_mcl,23
data/genai_images/lymph_mcl_genai_279.jpg,lymph_mcl,23
data/genai_images/lymph_mcl_genai_280.jpg,lymph_mcl,23
data/genai_images/lymph_mcl_genai_281.jpg,lymph_mcl,23
data/genai_images/lymph_mcl_genai_282.jpg,lymph_mcl,23
data/genai_images/lymph_mcl_genai_283.jpg,lymph_mcl,23
data/genai_images/lymph_mcl_genai_284.jpg,lymph_mcl,23
data/genai_images/lymph_mcl_genai_285.jpg,lymph_mcl,23
data/genai_images/lymph_mcl_genai_286.jpg,lymph_mcl,23
data/genai_images/lymph_mcl_genai_287.jpg,lymph_mcl,23
data/genai_images/lymph_mcl_genai_288.jpg,lymph_mcl,23
data/genai_images/lymph_mcl_genai_289.jpg,lymph_mcl,23
data/genai_images/lymph_mcl_genai_290.jpg,lymph_mcl,23
data/genai_images/lymph_mcl_genai_291.jpg,lymph_mcl,23
data/genai_images/lymph_mcl_genai_292.jpg,lymph_mcl,23
data/genai_images/lymph_mcl_genai_293.jpg,lymph_mcl,23
data/genai_images/lymph_mcl_genai_294.jpg,lymph_mcl,23
data/genai_images/lymph_mcl_genai_295.jpg,lymph_mcl,23
data/genai_images/lymph_mcl_genai_296.jpg,lymph_mcl,23
data/genai_images/lymph_mcl_genai_297.jpg,lymph_mcl,23
data/genai_images/lymph_mcl_genai_298.jpg,lymph_mcl,23
data/genai_images/lymph_mcl_genai_299.jpg,lymph_mcl,23
data/genai_images/oral_scc_genai_0.jpg,oral_scc,25
data/genai_images/oral_scc_genai_1.jpg,oral_scc,25
data/genai_images/oral_scc_genai_2.jpg,oral_scc,25
data/genai_images/oral_scc_genai_3.jpg,oral_scc,25
data/genai_images/oral_scc_genai_4.jpg,oral_scc,25
data/genai_images/oral_scc_genai_5.jpg,oral_scc,25
data/genai_images/oral_scc_genai_6.jpg,oral_scc,25
data/genai_images/oral_scc_genai_7.jpg,oral_scc,25
data/genai_images/oral_scc_genai_8.jpg,oral_scc,25
data/genai_images/oral_scc_genai_9.jpg,oral_scc,25
data/genai_images/oral_scc_genai_10.jpg,oral_scc,25
data/genai_images/oral_scc_genai_11.jpg,oral_scc,25
data/genai_images/oral_scc_genai_12.jpg,oral_scc,25
data/genai_images/oral_scc_genai_13.jpg,oral_scc,25
data/genai_images/oral_scc_genai_14.jpg,oral_scc,25
data/genai_images/oral_scc_genai_15.jpg,oral_scc,25
data/genai_images/oral_scc_genai_16.jpg,oral_scc,25
data/genai_images/oral_scc_genai_17.jpg,oral_scc,25
data/genai_images/oral_scc_genai_18.jpg,oral_scc,25
data/genai_images/oral_scc_genai_19.jpg,oral_scc,25
data/genai_images/oral_scc_genai_20.jpg,oral_scc,25
data/genai_images/oral_scc_genai_21.jpg,oral_scc,25
data/genai_images/oral_scc_genai_22.jpg,oral_scc,25
data/genai_images/oral_scc_genai_23.jpg,oral_scc,25
data/genai_images/oral_scc_genai_24.jpg,oral_scc,25
data/genai_images/oral_scc_genai_25.jpg,oral_scc,25
data/genai_images/oral_scc_genai_26.jpg,oral_scc,25
data/genai_images/oral_scc_genai_27.jpg,oral_scc,25
data/genai_images/oral_scc_genai_28.jpg,oral_scc,25
data/genai_images/oral_scc_genai_29.jpg,oral_scc,25
data/genai_images/oral_scc_genai_30.jpg,oral_scc,25
data/genai_images/oral_scc_genai_31.jpg,oral_scc,25
data/genai_images/oral_scc_genai_32.jpg,oral_scc,25
data/genai_images/oral_scc_genai_33.jpg,oral_scc,25
data/genai_images/oral_scc_genai_34.jpg,oral_scc,25
data/genai_images/oral_scc_genai_35.jpg,oral_scc,25
data/genai_images/oral_scc_genai_36.jpg,oral_scc,25
data/genai_images/oral_scc_genai_37.jpg,oral_scc,25
data/genai_images/oral_scc_genai_38.jpg,oral_scc,25
data/genai_images/oral_scc_genai_39.jpg,oral_scc,25
data/genai_images/oral_scc_genai_40.jpg,oral_scc,25
data/genai_images/oral_scc_genai_41.jpg,oral_scc,25
data/genai_images/oral_scc_genai_42.jpg,oral_scc,25
data/genai_images/oral_scc_genai_43.jpg,oral_scc,25
data/genai_images/oral_scc_genai_44.jpg,oral_scc,25
data/genai_images/oral_scc_genai_45.jpg,oral_scc,25
data/genai_images/oral_scc_genai_46.jpg,oral_scc,25
data/genai_images/oral_scc_genai_47.jpg,oral_scc,25
data/genai_images/oral_scc_genai_48.jpg,oral_scc,25
data/genai_images/oral_scc_genai_49.jpg,oral_scc,25
data/genai_images/oral_scc_genai_50.jpg,oral_scc,25
data/genai_images/oral_scc_genai_51.jpg,oral_scc,25
data/genai_images/oral_scc_genai_52.jpg,oral_scc,25
data/genai_images/oral_scc_genai_53.jpg,oral_scc,25
data/genai_images/oral_scc_genai_54.jpg,oral_scc,25
data/genai_images/oral_scc_genai_55.jpg,oral_scc,25
data/genai_images/oral_scc_genai_56.jpg,oral_scc,25
data/genai_images/oral_scc_genai_57.jpg,oral_scc,25
data/genai_images/oral_scc_genai_58.jpg,oral_scc,25
data/genai_images/oral_scc_genai_59.jpg,oral_scc,25
data/genai_images/oral_scc_genai_60.jpg,oral_scc,25
data/genai_images/oral_scc_genai_61.jpg,oral_scc,25
data/genai_images/oral_scc_genai_62.jpg,oral_scc,25
data/genai_images/oral_scc_genai_63.jpg,oral_scc,25
data/genai_images/oral_scc_genai_64.jpg,oral_scc,25
data/genai_images/oral_scc_genai_65.jpg,oral_scc,25
data/genai_images/oral_scc_genai_66.jpg,oral_scc,25
data/genai_images/oral_scc_genai_67.jpg,oral_scc,25
data/genai_images/oral_scc_genai_68.jpg,oral_scc,25
data/genai_images/oral_scc_genai_69.jpg,oral_scc,25
data/genai_images/oral_scc_genai_70.jpg,oral_scc,25
data/genai_images/oral_scc_genai_71.jpg,oral_scc,25
data/genai_images/oral_scc_genai_72.jpg,oral_scc,25
data/genai_images/oral_scc_genai_73.jpg,oral_scc,25
data/genai_images/oral_scc_genai_74.jpg,oral_scc,25
data/genai_images/oral_scc_genai_75.jpg,oral_scc,25
data/genai_images/oral_scc_genai_76.jpg,oral_scc,25
data/genai_images/oral_scc_genai_77.jpg,oral_scc,25
data/genai_images/oral_scc_genai_78.jpg,oral_scc,25
data/genai_images/oral_scc_genai_79.jpg,oral_scc,25
data/genai_images/oral_scc_genai_80.jpg,oral_scc,25
data/genai_images/oral_scc_genai_81.jpg,oral_scc,25
data/genai_images/oral_scc_genai_82.jpg,oral_scc,25
data/genai_images/oral_scc_genai_83.jpg,oral_scc,25
data/genai_images/oral_scc_genai_84.jpg,oral_scc,25
data/genai_images/oral_scc_genai_85.jpg,oral_scc,25
data/genai_images/oral_scc_genai_86.jpg,oral_scc,25
data/genai_images/oral_scc_genai_87.jpg,oral_scc,25
data/genai_images/oral_scc_genai_88.jpg,oral_scc,25
data/genai_images/oral_scc_genai_89.jpg,oral_scc,25
data/genai_images/oral_scc_genai_90.jpg,oral_scc,25
data/genai_images/oral_scc_genai_91.jpg,oral_scc,25
data/genai_images/oral_scc_genai_92.jpg,oral_scc,25
data/genai_images/oral_scc_genai_93.jpg,oral_scc,25
data/genai_images/oral_scc_genai_94.jpg,oral_scc,25
data/genai_images/oral_scc_genai_95.jpg,oral_scc,25
data/genai_images/oral_scc_genai_96.jpg,oral_scc,25
data/genai_images/oral_scc_genai_97.jpg,oral_scc,25
data/genai_images/oral_scc_genai_98.jpg,oral_scc,25
data/genai_images/oral_scc_genai_99.jpg,oral_scc,25
data/genai_images/oral_scc_genai_100.jpg,oral_scc,25
data/genai_images/oral_scc_genai_101.jpg,oral_scc,25
data/genai_images/oral_scc_genai_102.jpg,oral_scc,25
data/genai_images/oral_scc_genai_103.jpg,oral_scc,25
data/genai_images/oral_scc_genai_104.jpg,oral_scc,25
data/genai_images/oral_scc_genai_105.jpg,oral_scc,25
data/genai_images/oral_scc_genai_106.jpg,oral_scc,25
data/genai_images/oral_scc_genai_107.jpg,oral_scc,25
data/genai_images/oral_scc_genai_108.jpg,oral_scc,25
data/genai_images/oral_scc_genai_109.jpg,oral_scc,25
data/genai_images/oral_scc_genai_110.jpg,oral_scc,25
data/genai_images/oral_scc_genai_111.jpg,oral_scc,25
data/genai_images/oral_scc_genai_112.jpg,oral_scc,25
data/genai_images/oral_scc_genai_113.jpg,oral_scc,25
data/genai_images/oral_scc_genai_114.jpg,oral_scc,25
data/genai_images/oral_scc_genai_115.jpg,oral_scc,25
data/genai_images/oral_scc_genai_116.jpg,oral_scc,25
data/genai_images/oral_scc_genai_117.jpg,oral_scc,25
data/genai_images/oral_scc_genai_118.jpg,oral_scc,25
data/genai_images/oral_scc_genai_119.jpg,oral_scc,25
data/genai_images/oral_scc_genai_120.jpg,oral_scc,25
data/genai_images/oral_scc_genai_121.jpg,oral_scc,25
data/genai_images/oral_scc_genai_122.jpg,oral_scc,25
data/genai_images/oral_scc_genai_123.jpg,oral_scc,25
data/genai_images/oral_scc_genai_124.jpg,oral_scc,25
data/genai_images/oral_scc_genai_125.jpg,oral_scc,25
data/genai_images/oral_scc_genai_126.jpg,oral_scc,25
data/genai_images/oral_scc_genai_127.jpg,oral_scc,25
data/genai_images/oral_scc_genai_128.jpg,oral_scc,25
data/genai_images/oral_scc_genai_129.jpg,oral_scc,25
data/genai_images/oral_scc_genai_130.jpg,oral_scc,25
data/genai_images/oral_scc_genai_131.jpg,oral_scc,25
data/genai_images/oral_scc_genai_132.jpg,oral_scc,25
data/genai_images/oral_scc_genai_133.jpg,oral_scc,25
data/genai_images/oral_scc_genai_134.jpg,oral_scc,25
data/genai_images/oral_scc_genai_135.jpg,oral_scc,25
data/genai_images/oral_scc_genai_136.jpg,oral_scc,25
data/genai_images/oral_scc_genai_137.jpg,oral_scc,25
data/genai_images/oral_scc_genai_138.jpg,oral_scc,25
data/genai_images/oral_scc_genai_139.jpg,oral_scc,25
data/genai_images/oral_scc_genai_140.jpg,oral_scc,25
data/genai_images/oral_scc_genai_141.jpg,oral_scc,25
data/genai_images/oral_scc_genai_142.jpg,oral_scc,25
data/genai_images/oral_scc_genai_143.jpg,oral_scc,25
data/genai_images/oral_scc_genai_144.jpg,oral_scc,25
data/genai_images/oral_scc_genai_145.jpg,oral_scc,25
data/genai_images/oral_scc_genai_146.jpg,oral_scc,25
data/genai_images/oral_scc_genai_147.jpg,oral_scc,25
data/genai_images/oral_scc_genai_148.jpg,oral_scc,25
data/genai_images/oral_scc_genai_149.jpg,oral_scc,25
data/genai_images/oral_scc_genai_150.jpg,oral_scc,25
data/genai_images/oral_scc_genai_151.jpg,oral_scc,25
data/genai_images/oral_scc_genai_152.jpg,oral_scc,25
data/genai_images/oral_scc_genai_153.jpg,oral_scc,25
data/genai_images/oral_scc_genai_154.jpg,oral_scc,25
data/genai_images/oral_scc_genai_155.jpg,oral_scc,25
data/genai_images/oral_scc_genai_156.jpg,oral_scc,25
data/genai_images/oral_scc_genai_157.jpg,oral_scc,25
data/genai_images/oral_scc_genai_158.jpg,oral_scc,25
data/genai_images/oral_scc_genai_159.jpg,oral_scc,25
data/genai_images/oral_scc_genai_160.jpg,oral_scc,25
data/genai_images/oral_scc_genai_161.jpg,oral_scc,25
data/genai_images/oral_scc_genai_162.jpg,oral_scc,25
data/genai_images/oral_scc_genai_163.jpg,oral_scc,25
data/genai_images/oral_scc_genai_164.jpg,oral_scc,25
data/genai_images/oral_scc_genai_165.jpg,oral_scc,25
data/genai_images/oral_scc_genai_166.jpg,oral_scc,25
data/genai_images/oral_scc_genai_167.jpg,oral_scc,25
data/genai_images/oral_scc_genai_168.jpg,oral_scc,25
data/genai_images/oral_scc_genai_169.jpg,oral_scc,25
data/genai_images/oral_scc_genai_170.jpg,oral_scc,25
data/genai_images/oral_scc_genai_171.jpg,oral_scc,25
data/genai_images/oral_scc_genai_172.jpg,oral_scc,25
data/genai_images/oral_scc_genai_173.jpg,oral_scc,25
data/genai_images/oral_scc_genai_174.jpg,oral_scc,25
data/genai_images/oral_scc_genai_175.jpg,oral_scc,25
data/genai_images/oral_scc_genai_176.jpg,oral_scc,25
data/genai_images/oral_scc_genai_177.jpg,oral_scc,25
data/genai_images/oral_scc_genai_178.jpg,oral_scc,25
data/genai_images/oral_scc_genai_179.jpg,oral_scc,25
data/genai_images/oral_scc_genai_180.jpg,oral_scc,25
data/genai_images/oral_scc_genai_181.jpg,oral_scc,25
data/genai_images/oral_scc_genai_182.jpg,oral_scc,25
data/genai_images/oral_scc_genai_183.jpg,oral_scc,25
data/genai_images/oral_scc_genai_184.jpg,oral_scc,25
data/genai_images/oral_scc_genai_185.jpg,oral_scc,25
data/genai_images/oral_scc_genai_186.jpg,oral_scc,25
data/genai_images/oral_scc_genai_187.jpg,oral_scc,25
data/genai_images/oral_scc_genai_188.jpg,oral_scc,25
data/genai_images/oral_scc_genai_189.jpg,oral_scc,25
data/genai_images/oral_scc_genai_190.jpg,oral_scc,25
data/genai_images/oral_scc_genai_191.jpg,oral_scc,25
data/genai_images/oral_scc_genai_192.jpg,oral_scc,25
data/genai_images/oral_scc_genai_193.jpg,oral_scc,25
data/genai_images/oral_scc_genai_194.jpg,oral_scc,25
data/genai_images/oral_scc_genai_195.jpg,oral_scc,25
data/genai_images/oral_scc_genai_196.jpg,oral_scc,25
data/genai_images/oral_scc_genai_197.jpg,oral_scc,25
data/genai_images/oral_scc_genai_198.jpg,oral_scc,25
data/genai_images/oral_scc_genai_199.jpg,oral_scc,25
data/genai_images/oral_scc_genai_200.jpg,oral_scc,25
data/genai_images/oral_scc_genai_201.jpg,oral_scc,25
data/genai_images/oral_scc_genai_202.jpg,oral_scc,25
data/genai_images/oral_scc_genai_203.jpg,oral_scc,25
data/genai_images/oral_scc_genai_204.jpg,oral_scc,25
data/genai_images/oral_scc_genai_205.jpg,oral_scc,25
data/genai_images/oral_scc_genai_206.jpg,oral_scc,25
data/genai_images/oral_scc_genai_207.jpg,oral_scc,25
data/genai_images/oral_scc_genai_208.jpg,oral_scc,25
data/genai_images/oral_scc_genai_209.jpg,oral_scc,25
data/genai_images/oral_scc_genai_210.jpg,oral_scc,25
data/genai_images/oral_scc_genai_211.jpg,oral_scc,25
data/genai_images/oral_scc_genai_212.jpg,oral_scc,25
data/genai_images/oral_scc_genai_213.jpg,oral_scc,25
data/genai_images/oral_scc_genai_214.jpg,oral_scc,25
data/genai_images/oral_scc_genai_215.jpg,oral_scc,25
data/genai_images/oral_scc_genai_216.jpg,oral_scc,25
data/genai_images/oral_scc_genai_217.jpg,oral_scc,25
data/genai_images/oral_scc_genai_218.jpg,oral_scc,25
data/genai_images/oral_scc_genai_219.jpg,oral_scc,25
data/genai_images/oral_scc_genai_220.jpg,oral_scc,25
data/genai_images/oral_scc_genai_221.jpg,oral_scc,25
data/genai_images/oral_scc_genai_222.jpg,oral_scc,25
data/genai_images/oral_scc_genai_223.jpg,oral_scc,25
data/genai_images/oral_scc_genai_224.jpg,oral_scc,25
data/genai_images/oral_scc_genai_225.jpg,oral_scc,25
data/genai_images/oral_scc_genai_226.jpg,oral_scc,25
data/genai_images/oral_scc_genai_227.jpg,oral_scc,25
data/genai_images/oral_scc_genai_228.jpg,oral_scc,25
data/genai_images/oral_scc_genai_229.jpg,oral_scc,25
data/genai_images/oral_scc_genai_230.jpg,oral_scc,25
data/genai_images/oral_scc_genai_231.jpg,oral_scc,25
data/genai_images/oral_scc_genai_232.jpg,oral_scc,25
data/genai_images/oral_scc_genai_233.jpg,oral_scc,25
data/genai_images/oral_scc_genai_234.jpg,oral_scc,25
data/genai_images/oral_scc_genai_235.jpg,oral_scc,25
data/genai_images/oral_scc_genai_236.jpg,oral_scc,25
data/genai_images/oral_scc_genai_237.jpg,oral_scc,25
data/genai_images/oral_scc_genai_238.jpg,oral_scc,25
data/genai_images/oral_scc_genai_239.jpg,oral_scc,25
data/genai_images/oral_scc_genai_240.jpg,oral_scc,25
data/genai_images/oral_scc_genai_241.jpg,oral_scc,25
data/genai_images/oral_scc_genai_242.jpg,oral_scc,25
data/genai_images/oral_scc_genai_243.jpg,oral_scc,25
data/genai_images/oral_scc_genai_244.jpg,oral_scc,25
data/genai_images/oral_scc_genai_245.jpg,oral_scc,25
data/genai_images/oral_scc_genai_246.jpg,oral_scc,25
data/genai_images/oral_scc_genai_247.jpg,oral_scc,25
data/genai_images/oral_scc_genai_248.jpg,oral_scc,25
data/genai_images/oral_scc_genai_249.jpg,oral_scc,25
data/genai_images/oral_scc_genai_250.jpg,oral_scc,25
data/genai_images/oral_scc_genai_251.jpg,oral_scc,25
data/genai_images/oral_scc_genai_252.jpg,oral_scc,25
data/genai_images/oral_scc_genai_253.jpg,oral_scc,25
data/genai_images/oral_scc_genai_254.jpg,oral_scc,25
data/genai_images/oral_scc_genai_255.jpg,oral_scc,25
data/genai_images/oral_scc_genai_256.jpg,oral_scc,25
data/genai_images/oral_scc_genai_257.jpg,oral_scc,25
data/genai_images/oral_scc_genai_258.jpg,oral_scc,25
data/genai_images/oral_scc_genai_259.jpg,oral_scc,25
data/genai_images/oral_scc_genai_260.jpg,oral_scc,25
data/genai_images/oral_scc_genai_261.jpg,oral_scc,25
data/genai_images/oral_scc_genai_262.jpg,oral_scc,25
data/genai_images/oral_scc_genai_263.jpg,oral_scc,25
data/genai_images/oral_scc_genai_264.jpg,oral_scc,25
data/genai_images/oral_scc_genai_265.jpg,oral_scc,25
data/genai_images/oral_scc_genai_266.jpg,oral_scc,25
data/genai_images/oral_scc_genai_267.jpg,oral_scc,25
data/genai_images/oral_scc_genai_268.jpg,oral_scc,25
data/genai_images/oral_scc_genai_269.jpg,oral_scc,25
data/genai_images/oral_scc_genai_270.jpg,oral_scc,25
data/genai_images/oral_scc_genai_271.jpg,oral_scc,25
data/genai_images/oral_scc_genai_272.jpg,oral_scc,25
data/genai_images/oral_scc_genai_273.jpg,oral_scc,25
data/genai_images/oral_scc_genai_274.jpg,oral_scc,25
data/genai_images/oral_scc_genai_275.jpg,oral_scc,25
data/genai_images/oral_scc_genai_276.jpg,oral_scc,25
data/genai_images/oral_scc_genai_277.jpg,oral_scc,25
data/genai_images/oral_scc_genai_278.jpg,oral_scc,25
data/genai_images/oral_scc_genai_279.jpg,oral_scc,25
data/genai_images/oral_scc_genai_280.jpg,oral_scc,25
data/genai_images/oral_scc_genai_281.jpg,oral_scc,25
data/genai_images/oral_scc_genai_282.jpg,oral_scc,25
data/genai_images/oral_scc_genai_283.jpg,oral_scc,25
data/genai_images/oral_scc_genai_284.jpg,oral_scc,25
data/genai_images/oral_scc_genai_285.jpg,oral_scc,25
data/genai_images/oral_scc_genai_286.jpg,oral_scc,25
data/genai_images/oral_scc_genai_287.jpg,oral_scc,25
data/genai_images/oral_scc_genai_288.jpg,oral_scc,25
data/genai_images/oral_scc_genai_289.jpg,oral_scc,25
data/genai_images/oral_scc_genai_290.jpg,oral_scc,25
data/genai_images/oral_scc_genai_291.jpg,oral_scc,25
data/genai_images/oral_scc_genai_292.jpg,oral_scc,25
data/genai_images/oral_scc_genai_293.jpg,oral_scc,25
data/genai_images/oral_scc_genai_294.jpg,oral_scc,25
data/genai_images/oral_scc_genai_295.jpg,oral_scc,25
data/genai_images/oral_scc_genai_296.jpg,oral_scc,25
data/genai_images/oral_scc_genai_297.jpg,oral_scc,25
data/genai_images/oral_scc_genai_298.jpg,oral_scc,25
data/genai_images/oral_scc_genai_299.jpg,oral_scc,25
